id,name,timestamp
001dL00000eO1ITQA0,TestAccount0,2024-11-25T18:45:44.923535
001dL00000eNU6QQAW,TestAccount1,2024-11-25T18:45:45.152316
001dL00000eNxEsQAK,TestAccount2,2024-11-25T18:45:45.309864
001dL00000eKrtyQAC,TestAccount3,2024-11-25T18:45:45.531743
001dL00000eM0tkQAC,TestAccount4,2024-11-25T18:45:45.770300
001dL00000eO1K5QAK,TestAccount5,2024-11-25T18:45:48.041990
001dL00000eO1LhQAK,TestAccount6,2024-11-25T18:45:48.337321
001dL00000eNIbZQAW,TestAccount7,2024-11-25T18:45:48.554597
001dL00000eO1NJQA0,TestAccount8,2024-11-25T18:45:48.791005
001dL00000eO1OvQAK,TestAccount9,2024-11-25T18:45:49.036907
